<?xml version="1.0" encoding="UTF-8"?>

<mule xmlns:api-platform-gw="http://www.mulesoft.org/schema/mule/api-platform-gw" xmlns:dw="http://www.mulesoft.org/schema/mule/ee/dw" xmlns:metadata="http://www.mulesoft.org/schema/mule/metadata" xmlns:mulexml="http://www.mulesoft.org/schema/mule/xml" xmlns:tracking="http://www.mulesoft.org/schema/mule/ee/tracking" xmlns:http="http://www.mulesoft.org/schema/mule/http" 
      xmlns="http://www.mulesoft.org/schema/mule/core" 
      xmlns:doc="http://www.mulesoft.org/schema/mule/documentation"
	  xmlns:spring="http://www.springframework.org/schema/beans"
	  xmlns:xsi="http://www.w3.org/2001/XMLSchema-instance"
	  xmlns:twilio="http://www.mulesoft.org/schema/mule/twilio"
	  xsi:schemaLocation="http://www.springframework.org/schema/beans http://www.springframework.org/schema/beans/spring-beans-current.xsd
http://www.mulesoft.org/schema/mule/core http://www.mulesoft.org/schema/mule/core/current/mule.xsd
http://www.mulesoft.org/schema/mule/http http://www.mulesoft.org/schema/mule/http/current/mule-http.xsd
http://www.mulesoft.org/schema/mule/twilio http://www.mulesoft.org/schema/mule/twilio/current/mule-twilio.xsd
http://www.mulesoft.org/schema/mule/ee/tracking http://www.mulesoft.org/schema/mule/ee/tracking/current/mule-tracking-ee.xsd
http://www.mulesoft.org/schema/mule/ee/dw http://www.mulesoft.org/schema/mule/ee/dw/current/dw.xsd
http://www.mulesoft.org/schema/mule/xml http://www.mulesoft.org/schema/mule/xml/current/mule-xml.xsd
http://www.mulesoft.org/schema/mule/api-platform-gw http://www.mulesoft.org/schema/mule/api-platform-gw/current/mule-api-platform-gw.xsd">
	
    <http:listener-config name="HTTP_Listener_Configuration" host="0.0.0.0" port="8081" doc:name="HTTP Listener Configuration" basePath="rest/v1"/>
    <twilio:config name="Twilio" accountSid="AC93aa82c22489dd3de7f9ea52a4dcd3a9" authToken="26be965f15b5a175da2450cfe1197659" doc:name="Twilio">
    <twilio:http-callback-config />
    </twilio:config>
    <api-platform-gw:api apiName="rabodis" version="v1" flowRef="twilio-connectFlow" create="true" doc:name="API Autodiscovery"/>
 
    <flow name="twilio-connectFlow">
        <http:listener config-ref="HTTP_Listener_Configuration" path="/wo/create" doc:name="HTTP" allowedMethods="POST"/>
        <byte-array-to-string-transformer doc:name="Byte Array to String"/>
        <logger message="#[payload]" level="INFO" doc:name="Logger"/>
        <dw:transform-message metadata:id="6af8ce1f-22b6-44d9-be40-4fd7d8e224e9" doc:name="Transform Message">
            <dw:input-payload doc:sample="sample_data\string.dwl" mimeType="application/xml"/>
            <dw:set-payload><![CDATA[%dw 1.0
%output application/xml
---
{
	
	WO: {
		WorkOrderNo:"EWO-78002",
		Team:"NCM-557",
		Status:"Assigned",
		Latitude:"35.576546",
		Longitude:"-80.819199",
		Asset: payload.alert.Asset
	}
}]]></dw:set-payload>
        </dw:transform-message>
        <object-to-string-transformer doc:name="Object to String"/>
        <set-variable variableName="SMSString" value="Work Order &quot;#[xpath('/WO/WorkOrderNo/text()').text]&quot; is created to fix the Asset &quot;#[xpath('/WO/Asset/text()').text]&quot;" doc:name="set SMS string"/>
        <twilio:send-sms-message config-ref="Twilio" body="#[flowVars.SMSString]" from="+17328239340" to="+17045611197" doc:name="Twilio Outbound SMS" />
        <logger message="#[flowVars.SMSString]" level="INFO" doc:name="Logger"/>
        <set-payload value="#[flowVars.SMSString]" doc:name="Set HTTP response"/>
    </flow>
    <flow name="response-inbound-sms">
        <http:listener config-ref="HTTP_Listener_Configuration" path="/sms/reply" allowedMethods="POST" doc:name="HTTP"/>
        <twilio:send-sms-message config-ref="Twilio" body="Thanks for your interest in Predix. Robust Stream sales team will contact you shortly." from="+17328239340" to="+17045611197" doc:name="Twilio Outbound SMS"/>
        <set-payload value="Thanks for your interest in Predix. Robust Stream sales team will contact you shortly." doc:name="Set Payload"/>
</flow>
</mule>
